{"products":[{"id":"0.307955877332885","qty":1}],"totalPrice":3.000000000000007}